{
  "Sample": {
    "Title": "Integrating Azure AD into a Python web application",
    "Level": 400,
    "Client": "Python, MSAL.Python"
  },
  "AppRegistrations": [
    {
      "x-ms-id": "PythonWebApp",
      "x-ms-name": "ms-identity-python-webapp",
      "x-ms-version": "2.0",
      "replyUrlsWithType": [
        {
          "url": "http://localhost:8000/callback",
          "type": "Web"
        }
      ],
      "passwordCredentials": [
        {
          "value": "{auto}"
        }
      ],
      "x-ms-passwordCredentials": "Auto",
      "oauth2AllowImplicitFlow": false,
      "oauth2AllowIdTokenImplicitFlow": false,
      "requiredResourceAccess": [
        {
          "x-ms-resourceAppName": "Microsoft Graph",
          "resourceAppId": "00000003-0000-0000-c000-000000000000",
          "resourceAccess": [
            {
              "id": "e1fe6dd8-ba31-4d61-89e7-88639da4683d",
              "type": "Scope",
              "x-ms-name": "user.read"
            },
            {
              "id": "b340eb25-3456-403f-be2f-af7a0d370277",
              "type": "Scope",
              "x-ms-name": "User.ReadBasic.All"
            }
          ]
        }
      ],
      "codeConfigurations": [
        {
          "settingFile": "/app_config.py",
          "replaceTokens": {
            "appId": "Enter_the_Application_Id_here",
            "tenantId": "common",
            "clientSecret": "Enter_the_Client_Secret_Here",
            "authorityEndpointHost": "https://login.microsoftonline.com/",
            "msgraphEndpointHost": "https://graph.microsoft.com/"
          }
        }
      ]
    }
  ]
}
