{
  "Sample": {
    "RepositoryUrl": "https://github.com/Azure-Samples/ms-identity-python-webapp",
    "Title": "Integrating Microsoft Identity Platform with a Python web application",
    "Level": 300,
    "Client": "Python Web Application",
    "Service": "Microsoft Graph",
    "Endpoint": "Microsoft identity platform (formerly Azure AD v2.0)"
  },

  /*
    This section describes the Azure AD Applications to configure, and their dependencies
  */
  "AADApps": [
    {
      "Id": "pythonwebapp",
      "Name": "python-webapp",
      "Kind": "WebApp", /* SinglePageApplication, WebApp, Mobile, UWP, Desktop, Daemon, WebApi, Browserless */
      "Audience": "AzureADandPersonalMicrosoftAccount", /* AzureADMyOrg, AzureADMultipleOrgs, AzureADandPersonalMicrosoftAccount, PersonalMicrosoftAccount */
      "PasswordCredentials": "Auto",
      "RequiredResourcesAccess": [
        {
          "Resource": "Microsoft Graph",
          "DelegatedPermissions": [
            "User.ReadBasic.All"
          ]
        }
      ],
      "ReplyUrls": "http://localhost:8000/callback"
    }
  ],

  /*
    This section describes how to update the code in configuration files from the apps coordinates, once the apps
    are created in Azure AD.
    Each section describes a configuration file, for one of the apps, it's type (XML, JSon, plain text), its location
    with respect to the root of the sample, and the mappping (which string in the config file is mapped to which value
  */
  "CodeConfiguration": [
    {
      "App": "pythonwebapp",
      "SettingKind": "Replace",
      "SettingFile": "\\..\\app_config.py",
      "Mappings": [
        {
          "key": "Enter_the_Tenant_Name_Here",
          "value": "$tenantName"
        },
        {
          "key": "Enter_the_Client_Secret_Here",
          "value": ".AppKey"
        },
        {
          "key": "Enter_the_Application_Id_here",
          "value": ".AppId"
        }
      ]
    }
  ]
}
